Digits,Random Time
100,0.00021375
200,0.000378845
300,0.00112211
400,0.00175716
500,0.00269595
600,0.0044511
700,0.00695912
800,0.0102553
900,0.0137075
1000,0.0185088
